product_name,competitor_product_group_name,competitor_product_id
Achillea Ptarmica Pearl White,Achillea Ptarmica,8448957
Agapanthus Blue,Agapanthus,490587
Alstroemeria Assorted Select,Alstroemeria,483748
Alstroemeria Assorted Super Select,Alstroemeria,490071
Alstroemeria Dirty Dancing Cream Select,Alstroemeria,941010
Alstroemeria Dirty Dancing Cream Super Select,Alstroemeria,941011
Alstroemeria Dubai Light Pink Select,Alstroemeria,1032021
Alstroemeria Fifi Light Pink Select,Alstroemeria,940750
Alstroemeria Fifi Light Pink Super Select,Alstroemeria,940751
Alstroemeria Galaxy Lavender Select,Alstroemeria,1050612
Alstroemeria Galaxy Lavender Super Select,Alstroemeria,1050613
Alstroemeria Green Planet Green Select,Alstroemeria,14631876
Alstroemeria Hot Pink Select,Alstroemeria,483772
Alstroemeria Hot Pink Super Select,Alstroemeria,483771
Alstroemeria Lavender Select,Alstroemeria,483776
Alstroemeria Lavender Super Select,Alstroemeria,483775
Alstroemeria Nadya Red Select,Alstroemeria,484034
Alstroemeria Nadya Red Super Select,Alstroemeria,484033
Alstroemeria Orange Queen Orange Select,Alstroemeria,484058
Alstroemeria Orange Queen Orange Super Select,Alstroemeria,484057
Alstroemeria Orange Select,Alstroemeria,483784
Alstroemeria Orange Super Select,Alstroemeria,483783
Alstroemeria Pink Select,Alstroemeria,483792
Alstroemeria Pink Super Select,Alstroemeria,483791
Alstroemeria Pink/White Select,Alstroemeria,1822883
Alstroemeria Pink/White Super Select,Alstroemeria,1822884
Alstroemeria Primadonna Pink Select,Alstroemeria,484070
Alstroemeria Primadonna Pink Super Select,Alstroemeria,484069
Alstroemeria Shakira Green Select,Alstroemeria,646524
Alstroemeria Tampa Orange Select,Alstroemeria,484110
Alstroemeria Voyager Yellow Select,Alstroemeria,645936
Alstroemeria Whistler White Select,Alstroemeria,1052765
Alstroemeria Whistler White Super Select,Alstroemeria,1052766
Alstroemeria White Select,Alstroemeria,483808
Alstroemeria White Super Select,Alstroemeria,483807
Amaranthus Hanging Green,Amaranthus,500277
Amaranthus Hanging Red,Amaranthus,513360
Amaranthus Upright Bronze,Amaranthus,1937431
Amaranthus Upright Red,Amaranthus,513364
Anemone Assorted,Anemone,513365
Anemone Black Center White,Anemone,513375
Anemone Blue,Anemone,513367
Anemone Blush,Anemone,513366
Anemone Levante Blue,Anemone,12983878
Anemone Levante Fuchsia,Anemone,12983873
Anemone Levante Pink,Anemone,12983877
Anemone Levante Red,Anemone,12983905
Anemone Levante White,Anemone,12983858
Anemone Mistral Bordeaux Burgundy,Anemone Mistral,3912336
Anemone Mistral Grape Purple,Anemone Mistral,3111261
Anemone Red,Anemone,513373
Aralia Leaves Green,Aralia,514524
Aspidistra Green,Aspidistra,514550
Aspidistra Green,Aspidistra,514550
Aspidistra Variegated,Aspidistra,514551
Aspidistra Variegated,Aspidistra,514551
Aster Carnival Pink,Aster,939558
Aster Carnival Purple,Aster,939556
Aster Carnival White,Aster,939557
Aster Matsumoto Assorted,Aster,484140
Aster Matsumoto Hot Pink,Aster,484141
Aster Matsumoto Hot Pink,Aster,484141
Aster Matsumoto Pink,Aster,484144
Aster Matsumoto Purple,Aster,484145
Aster Matsumoto Purple,Aster,484145
Aster Matsumoto Red,Aster,484146
Aster Matsumoto Red,Aster,484146
Aster Matsumoto White,Aster,484147
Aster Matsumoto White,Aster,484147
Aster Montecasino White,Aster,484153
Aster Sungal Purple,Aster,1540958
Aster Sungal Purple,Aster,1540958
Aster Sunrio White,Aster,1540957
Astrantia Burgundy,Astrantia,1051721
Astrantia Light Pink,Astrantia,514557
Astrantia Pink,Astrantia,1053054
Astrantia White,Astrantia,514560
Atriplex Green,Atriplex,514564
Bells of Ireland Green Long,Bells of Ireland,666513
Bells of Ireland Green Medium,Bells of Ireland,666512
Bells of Ireland Green Xlong,Bells of Ireland,1006583
Berzelia Baubles Green,Berzelia,514596
Berzelia Baubles Green,Berzelia,514596
Bird of Paradise Orange Select,Bird of Paradise,500207
Bromeliad Red,Bromeliad,484171
Brunia Albiflora Green,Brunia,513531
Brunia Albiflora Green,Brunia,513531
Brunia Spray Silver,Brunia,513533
Brunia Spray Silver,Brunia,513533
Bupleurum Green,Bupleurum,490599
Bupleurum Green,Bupleurum,490599
Calla Lily Mini Assorted,Calla Lily Mini,484178
Calla Lily Mini Assorted,Calla Lily Mini,484179
Calla Lily Mini Burgundy,Calla Lily Mini,484192
Calla Lily Mini Burgundy,Calla Lily Mini,484193
Calla Lily Mini Elegant Swan Blush/White,Calla Lily Mini,632859
Calla Lily Mini Garnet Glow Hot Pink,Calla Lily Mini,484419
Calla Lily Mini Hot Pink,Calla Lily Mini,484207
Calla Lily Mini Hot Pink,Calla Lily Mini,484208
Calla Lily Mini Morning Sun Orange,Calla Lily Mini,1092047
Calla Lily Mini Odessa Black,Calla Lily Mini,484520
Calla Lily Mini Orange,Calla Lily Mini,484228
Calla Lily Mini Orange,Calla Lily Mini,484229
Calla Lily Mini Paco Milka Lavender,Calla Lily Mini,1090142
Calla Lily Mini Picasso Purple/White,Calla Lily Mini,484557
Calla Lily Mini Picasso Purple/White,Calla Lily Mini,484558
Calla Lily Mini Pink,Calla Lily Mini,484241
Calla Lily Mini Pink Jewel Dark Pink,Calla Lily Mini,1054883
Calla Lily Mini Schwarzwalder Black,Calla Lily Mini,484653
Calla Lily Mini Sumatra Hot Pink,Calla Lily Mini,484671
Calla Lily Mini White,Calla Lily Mini,484255
Calla Lily Mini White,Calla Lily Mini,484256
Calla Lily Mini White,Calla Lily Mini,484257
Calla Lily Mini Yellow,Calla Lily Mini,484262
Calla Lily Mini Yellow,Calla Lily Mini,484263
Calla Lily Mini Yellow,Calla Lily Mini,484264
Calla Lily Super White,Calla Lily,484681
Campanula Pink,Campanula,490412
Campanula Purple,Campanula,490413
Campanula White,Campanula,490411
Carnation Bernard Dark Pink Select,Carnation,514191
Carnation Bizet Hot Pink Select,Carnation,484790
Carnation Brut Blush Select,Carnation,823385
Carnation Burgundy Select,Carnation,484716
Carnation Cream Select,Carnation,484720
Carnation Creola Antique Pink Select,Carnation,484808
Carnation Diletta Cream Cream Select,Carnation,514214
Carnation Dollar Dark Pink Select,Carnation,4586352
Carnation Doncel Blush Select,Carnation,514218
Carnation Farida Lavender Select,Carnation,484828
Carnation Golem Purple Select,Carnation,514235
Carnation Green Select,Carnation,484728
Carnation Hot Pink Select,Carnation,484732
Carnation Ikebana Medium Pink Select,Carnation,644154
Carnation Kaori Pink Select,Carnation,514262
Carnation Komachi Pink/White Select,Carnation,484861
Carnation Lege Marrone Beige Select,Carnation,799475
Carnation Lege Pink Pink Select,Carnation,484867
Carnation Light Pink Select,Carnation,484740
Carnation Lizzy Peach Select,Carnation,484876
Carnation Novelty Pack Assorted Select,Carnation,484935
Carnation Novia Peach Select,Carnation,514332
Carnation Orange Hermes Orange Select,Carnation,514239
Carnation Orange Select,Carnation,484744
Carnation Peach Select,Carnation,484748
Carnation Peppermint Select,Carnation,484957
Carnation Pink Select,Carnation,484752
Carnation Polimnia Light Yellow Select,Carnation,484963
Carnation Premier Purple/White Select,Carnation,4586355
Carnation Red Select,Carnation,484760
Carnation Rodas Cream Select,Carnation,1051168
Carnation Tiepolo Fuschia Lavender Select,Carnation,514358
Carnation White Select,Carnation,484768
Carnation Yellow Select,Carnation,484772
CB Rose Assorted,CB,513502
CB Rose Assorted,CB,513503
CB Rose Red,CB,513506
CB Rose Red,CB,513507
CB Rose Red/Assorted,CB,1814392
CB Rose Red/Assorted,CB,1814394
CB Rose Assorted,CB,3638498
CB Rose Assorted,CB,3691397
CB Rose Assorted,CB,3052188
CB Rose Assorted,CB,3052189
CB Rose Red,CB,3052190
CB Rose Red,CB,3052202
CB Rose Red/Assorted,CB,3052177
CB Rose Red/Assorted,CB,3052185
CB Rose Assorted,CB,2937184
CB Rose One Dozen Assorted,CB,3204730
CB Rose Pink,CB,4177444
CB Rose Two Dozen Assorted,CB,3198437
CB Rose White,CB,4177446
Chrysanthemum Disbud Ball Green,Chrysanthemum Disbud,1091764
Chrysanthemum Disbud Ball Gustav Purple,Chrysanthemum Disbud,3240253
Chrysanthemum Disbud Ball White,Chrysanthemum Disbud,762586
Chrysanthemum Disbud Ball Yellow,Chrysanthemum Disbud,762587
Chrysanthemum Disbud Candyfloss Light Pink,Chrysanthemum Disbud,1999673
Chrysanthemum Disbud Candyfloss Light Pink,Chrysanthemum Disbud,1999673
Chrysanthemum Disbud Cooper Bronze,Chrysanthemum Disbud,514812
Chrysanthemum Disbud Creme Brulee Yellow,Chrysanthemum Disbud,2025973
Chrysanthemum Disbud Dark Rossano Lavender,Chrysanthemum Disbud,2100085
Chrysanthemum Disbud Fairytale Pale Mauve,Chrysanthemum Disbud,1999674
Chrysanthemum Disbud Fantasia Pink/Peach,Chrysanthemum Disbud,3893429
Chrysanthemum Disbud Four Ladies Bronze,Chrysanthemum Disbud,609314
Chrysanthemum Disbud Fuego Brown,Chrysanthemum Disbud,1736516
Chrysanthemum Disbud Linette Peach,Chrysanthemum Disbud,1812281
Chrysanthemum Disbud Mochi Vintage Pink,Chrysanthemum Disbud,2166722
Chrysanthemum Disbud Red,Chrysanthemum Disbud,514808
Chrysanthemum Disbud Resourci Bronze,Chrysanthemum Disbud,879899
Chrysanthemum Disbud Romancero Salmon,Chrysanthemum Disbud,1435609
Chrysanthemum Disbud Tornado Red,Chrysanthemum Disbud,762592
Chrysanthemum Disbud Veronica Salmon,Chrysanthemum Disbud,4333590
Cocculus Green,Cocculus,514836
Commodore Teepee Green,Commodore,514843
Commodore Teepee Green,Commodore,514843
Craspedia Billy Balls Yellow,Craspedia Billy Balls,627846
Cremons Assorted,Cremons,490520
Cremons Purple,Cremons,485024
Cremons Rossano Charlotte Pink/Green,Cremons,988313
Cremons White,Cremons,485025
Cremons Yellow,Cremons,485026
Dahlia Assorted,Dahlia,515298
Dahlia Burgundy,Dahlia,515305
Dahlia Cafe Au Lait Cream,Dahlia,515349
Dahlia Orange,Dahlia,515315
Dahlia Pink,Dahlia,515317
Dahlia Red,Dahlia,515319
Dahlia White,Dahlia,515325
Delphinium Belladonna White,Delphinium,513548
Delphinium Hybrid White,Delphinium,726154
Delphinium Hybrid White,Delphinium,5562438
Delphinium Sea Waltz Dark Blue,Delphinium,643952
Delphinium Sea Waltz Dark Blue,Delphinium,643952
Delphinium Sea Waltz Dark Blue,Delphinium,643954
Delphinium Volkerfrieden Dark Blue,Delphinium,490521
Delphinium Volkerfrieden Dark Blue,Delphinium,636942
Delphinium Volkerfrieden Dark Blue,Delphinium,635892
Delphinium Volkerfrieden Dark Blue,Delphinium,643872
Dianthus Calmfly White,Dianthus,6697869
Dianthus Gypsy Burgundy,Dianthus,513560
Dianthus Raffine Petit Aimee Light Pink,Dianthus,942440
Dianthus Solomio Blondfly Yellow,Dianthus,8247058
Dianthus Solomio Cas Light Pink,Dianthus,1562068
Dianthus Solomio Fen Orange,Dianthus,500194
Dianthus Solomio Imre Hot Pink,Dianthus,500196
Dianthus Solomio Pink,Dianthus,4731976
Dianthus Solomio Sem Purple Bicolor,Dianthus,1912208
Dianthus Solomio White,Dianthus,817577
Dusty Miller Large Leaf Silver,Dusty Miller,490061
Dusty Miller Large Leaf Silver,Dusty Miller,490061
Dusty Miller Large Leaf Silver,Dusty Miller,490061
Dusty Miller Large Leaf Silver,Dusty Miller,490206
Dusty Miller Large Leaf Silver,Dusty Miller,490206
Eryngium Blue Bell Blue,Eryngium,569141
Eryngium Magical Blue Lagoon Blue,Eryngium,639533
Eryngium Magical White Lagoon White,Eryngium,11824116
Eucalyptus Baby Blue Blue,Eucalyptus,490291
Eupatorium Assorted,Eupatorium,1714809
Eupatorium Pink,Eupatorium,515467
Eupatorium Pink,Eupatorium,515467
Eupatorium White,Eupatorium,515468
Fern Sea Star Green,Fern,515486
Flexigrass Green,Flexigrass,515492
Fuji Anastasia Bronze,Fuji,485045
Fuji Anastasia Green,Fuji,485047
Fuji Anastasia White,Fuji,485050
Fuji Assorted,Fuji,485036
Fuji Bronze,Fuji,485037
Fuji Green,Fuji,485039
Fuji Hydra Pink,Fuji,490215
Fuji Nexus Dark Purple,Fuji,509380
Fuji Yazoo White,Fuji,509379
Galax Green,Galax,509425
Galax Green,Galax,509425
Garland Gypsophila Tinted Blue 10',Garland,4726069
Garland Gypsophila Tinted Blue 5',Garland,4618509
Garland Gypsophila Tinted Brown 10',Garland,4726079
Garland Gypsophila Tinted Brown 5',Garland,4618516
Garland Gypsophila Tinted Coffee Toffee Light Brown 10',Garland,4726081
Garland Gypsophila Tinted Coffee Toffee Light Brown 5',Garland,4618526
Garland Gypsophila Tinted Cold Sky Rainbow 10',Garland,4726130
Garland Gypsophila Tinted Cold Sky Rainbow 5',Garland,4618540
Garland Gypsophila Tinted Coral 10',Garland,4726078
Garland Gypsophila Tinted Coral 5',Garland,4618515
Garland Gypsophila Tinted Fashion Rainbow 10',Garland,4726133
Garland Gypsophila Tinted Fashion Rainbow 5',Garland,4618544
Garland Gypsophila Tinted Green 10',Garland,4726065
Garland Gypsophila Tinted Green 5',Garland,4618493
Garland Gypsophila Tinted Hot Pink 10',Garland,4726074
Garland Gypsophila Tinted Hot Pink 5',Garland,4618512
Garland Gypsophila Tinted Illusion Rainbow 10',Garland,4726132
Garland Gypsophila Tinted Illusion Rainbow 5',Garland,4618543
Garland Gypsophila Tinted Lavender 10',Garland,4726070
Garland Gypsophila Tinted Lavender 5',Garland,4618510
Garland Gypsophila Tinted Light Blue 10',Garland,4726068
Garland Gypsophila Tinted Light Blue 5',Garland,4618508
Garland Gypsophila Tinted Light Green 10',Garland,4726066
Garland Gypsophila Tinted Light Green 5',Garland,4618502
Garland Gypsophila Tinted Light Pink 10',Garland,4726075
Garland Gypsophila Tinted Light Pink 5',Garland,4618513
Garland Gypsophila Tinted Light Yellow 10',Garland,4726093
Garland Gypsophila Tinted Light Yellow 5',Garland,4618530
Garland Gypsophila Tinted Malima Rainbow 10',Garland,4726095
Garland Gypsophila Tinted Malima Rainbow 5',Garland,4618533
Garland Gypsophila Tinted New Pink Erika Pink 10',Garland,4726080
Garland Gypsophila Tinted New Pink Erika Pink 5',Garland,4618524
Garland Gypsophila Tinted Orange 10',Garland,4726082
Garland Gypsophila Tinted Orange 5',Garland,4618527
Garland Gypsophila Tinted Purple 10',Garland,4726073
Garland Gypsophila Tinted Purple 5',Garland,4618511
Garland Gypsophila Tinted Red 10',Garland,4726077
Garland Gypsophila Tinted Red 5',Garland,4618514
Garland Gypsophila Tinted Sunrise Rainbow 10',Garland,4726128
Garland Gypsophila Tinted Sunrise Rainbow 5',Garland,4618539
Garland Gypsophila Tinted Sunset Rainbow 10',Garland,4726131
Garland Gypsophila Tinted Sunset Rainbow 5',Garland,4618541
Garland Gypsophila Tinted Sweet Candy Pink Mix 10',Garland,4726126
Garland Gypsophila Tinted Sweet Candy Pink Mix 5',Garland,4618538
Garland Gypsophila Tinted Turquoise 10',Garland,4726067
Garland Gypsophila Tinted Turquoise 5',Garland,4618507
Garland Gypsophila Tinted Yellow 10',Garland,4726083
Garland Gypsophila Tinted Yellow 5',Garland,4618529
Garland Gypsophila Xlence Natural White 10',Garland,4726064
Garland Gypsophila Xlence Natural White 5',Garland,4618479
Gerbera Black Center Assorted,Gerbera,513625
Gerbera Black Center Hot Pink,Gerbera,513641
Gerbera Black Center Orange,Gerbera,513651
Gerbera Black Center Pink,Gerbera,513655
Gerbera Black Center Red,Gerbera,513657
Gerbera Green Center Yellow,Gerbera,513788
Grass Pampas Beige Tall,Grass,2665240
Green Mist Chocolate Brown,Green Mist,1198724
Green Mist Green,Green Mist,515858
Green Mist Green,Green Mist,515858
Gypsophila Cosmic White,Gypsophila,1034329
Gypsophila Million Star White,Gypsophila,485064
Gypsophila Million Star White,Gypsophila,485064
Gypsophila Million Star White,Gypsophila,485064
Gypsophila Mirabella White,Gypsophila,485065
Gypsophila New Love White,Gypsophila,485066
Gypsophila Xlence White,Gypsophila,485069
Gypsophila Xlence White,Gypsophila,485069
Gypsophila Xlence White,Gypsophila,485069
Honey Bracelet Green,Honey Bracelet,515911
Hydrangea 50/50 Mix White/Light Blue,Hydrangea,1756473
Hydrangea Antique Assorted,Hydrangea,1055325
Hydrangea Antique Assorted Large,Hydrangea,1050373
Hydrangea Antique Blue/Green Jumbo,Hydrangea,520130
Hydrangea Antique Blue/Green Large,Hydrangea,485124
Hydrangea Antique Green Large,Hydrangea,485132
Hydrangea Antique Green Medium,Hydrangea,485133
Hydrangea Antique Hulk Green/Blue Large,Hydrangea,646798
Hydrangea Antique Hulk Green/Blue Large,Hydrangea,646798
Hydrangea Antique Red/Green Jumbo,Hydrangea,865842
Hydrangea Antique Red/Green Large,Hydrangea,485165
Hydrangea Dark Blue Large,Hydrangea,485075
Hydrangea Dark Blue Medium,Hydrangea,485076
Hydrangea Light Blue Large,Hydrangea,485090
Hydrangea Light Blue Medium,Hydrangea,485091
Hydrangea Light Blue Medium,Hydrangea,485091
Hydrangea Light Lavender Large,Hydrangea,1372587
Hydrangea Light Pink Large,Hydrangea,485096
Hydrangea Light Pink Medium,Hydrangea,485097
Hydrangea Mini Dark Green Small,Hydrangea,490077
Hydrangea Mini Green Small,Hydrangea,485202
Hydrangea Mojito Green Medium,Hydrangea,485204
Hydrangea Mojito Green Medium,Hydrangea,485204
Hydrangea Mojito Green Small,Hydrangea,485205
Hydrangea Purple Large,Hydrangea,485111
Hydrangea Purple Small,Hydrangea,485113
Hydrangea Shamrock Green Dark Green Medium,Hydrangea,522046
Hydrangea Shamrock Green/White Medium,Hydrangea,509943
Hydrangea White Jumbo,Hydrangea,485117
Hydrangea White Large,Hydrangea,485118
Hydrangea White Large,Hydrangea,485118
Hydrangea White Large,Hydrangea,485118
Hydrangea White Medium,Hydrangea,485119
Hydrangea White Medium,Hydrangea,485119
Hydrangea White Medium,Hydrangea,485119
Hydrangea White Small,Hydrangea,485120
Hypericum Assorted,Hypericum,485236
Hypericum Assorted,Hypericum,485237
Hypericum Assorted,Hypericum,485238
Hypericum Burgundy,Hypericum,485246
Hypericum Burgundy,Hypericum,485247
Hypericum Burgundy,Hypericum,485248
Hypericum Coco Bamboo Green,Hypericum,490142
Hypericum Coco Casino Pink,Hypericum,485289
Hypericum Coco Rio Red,Hypericum,988195
Hypericum Coco Rio Red,Hypericum,988197
Hypericum Coco Uno White,Hypericum,988199
Hypericum Coco Uno White,Hypericum,988203
Hypericum Cool Romance White,Hypericum,485297
Hypericum Cool Romance White,Hypericum,485298
Hypericum Cool Romance White,Hypericum,485299
Hypericum Green,Hypericum,485251
Hypericum Green,Hypericum,485251
Hypericum Green,Hypericum,485252
Hypericum Jungle Romance Green,Hypericum,485315
Hypericum Jungle Romance Green,Hypericum,485316
Hypericum Jungle Romance Green,Hypericum,485317
Hypericum Lovely Romance Pink,Hypericum,3330074
Hypericum Lovely Romance Pink,Hypericum,3330076
Hypericum Lovely Romance Pink,Hypericum,3330077
Hypericum Lucky Romance Green,Hypericum,608446
Hypericum Lucky Romance Green,Hypericum,608447
Hypericum Lucky Romance Green,Hypericum,608448
Hypericum Magical Triumph II Red,Hypericum,1032796
Hypericum Magical Triumph II Red,Hypericum,1032797
Hypericum Magical Triumph II Red,Hypericum,1032798
Hypericum Magical Victory Green,Hypericum,485339
Hypericum Magical Victory Green,Hypericum,485340
Hypericum Magical Victory Green,Hypericum,485341
Hypericum Mellow Romance Peach,Hypericum,485343
Hypericum Mellow Romance Peach,Hypericum,485344
Hypericum Mellow Romance Peach,Hypericum,485345
Hypericum Peach,Hypericum,485266
Hypericum Peach,Hypericum,485266
Hypericum Peach,Hypericum,485267
Hypericum Peach,Hypericum,485267
Hypericum Peach,Hypericum,485268
Hypericum Pink,Hypericum,485271
Hypericum Pink,Hypericum,485271
Hypericum Pink,Hypericum,485272
Hypericum Pink,Hypericum,485272
Hypericum Pink,Hypericum,485273
Hypericum Red,Hypericum,485276
Hypericum Red,Hypericum,485277
Hypericum Rocky Romance Burgundy,Hypericum,485351
Hypericum Rocky Romance Burgundy,Hypericum,485352
Hypericum Royal Princess Peach,Hypericum,1032782
Hypericum Royal Princess Peach,Hypericum,1032783
Hypericum Sweet Romance Pink,Hypericum,661677
Hypericum Sweet Romance Pink,Hypericum,661679
Hypericum Sweet Romance Pink,Hypericum,642523
Hypericum True Romance Red,Hypericum,485371
Hypericum True Romance Red,Hypericum,485372
Hypericum White,Hypericum,485281
Hypericum White,Hypericum,485282
Hypericum White,Hypericum,485283
Iris Assorted,Iris,491454
Iris Purple,Iris,7558744
Iris Telstar Dark Blue,Iris,491467
Iris White,Iris,7407079
Kale Green,Kale,490601
Kale Purple,Kale,490602
Kale White,Kale,490600
Kangaroo Paw Assorted,Kangaroo Paw,515958
Kangaroo Paw Assorted,Kangaroo Paw,515958
Kangaroo Paw Burgundy,Kangaroo Paw,515961
Kangaroo Paw Green,Kangaroo Paw,515963
Kangaroo Paw Orange,Kangaroo Paw,515964
Kangaroo Paw Red,Kangaroo Paw,515967
Kangaroo Paw Red/Orange,Kangaroo Paw,1219815
Kangaroo Paw Yellow,Kangaroo Paw,515968
Larkspur Assorted,Larkspur,513900
Larkspur Pink,Larkspur,513904
Larkspur Purple,Larkspur,513905
Larkspur White,Larkspur,491524
Leather Cleopatra Green,Leather,515987
Leather Cleopatra Green,Leather,515987
Leather Green,Leather,515986
Leather Green,Leather,515986
Leather Green,Leather,515986
Leather Sleeved Green,Leather,1622072
Lepidium Green Dragon Green,Lepidium,1166116
Lepidium Green Dragon Green,Lepidium,1166116
Leucadendron Gold Strike Yellow,Leucadendron,513914
Leucadendron Jester Red,Leucadendron,513916
Leucadendron Safari Sunset Red,Leucadendron,490592
Leucadendron Safari Sunset Red,Leucadendron,490592
Leucadendron Safari Sunset Red,Leucadendron,490592
Leucospermum (Pincushion) Assorted,Leucospermum (Pincushion),627847
Leucospermum (Pincushion) Orange,Leucospermum (Pincushion),627848
Leucospermum (Pincushion) Red,Leucospermum (Pincushion),627849
Leucospermum (Pincushion) Yellow,Leucospermum (Pincushion),627850
Lily Asiatic Assorted,Lily Asiatic,490703
Lily Asiatic Assorted,Lily Asiatic,490703
Lily Asiatic Assorted,Lily Asiatic,490703
Lily Asiatic Dark Pink,Lily Asiatic,490706
Lily Asiatic Light Pink,Lily Asiatic,490707
Lily Asiatic Light Pink,Lily Asiatic,490707
Lily Asiatic Orange,Lily Asiatic,490708
Lily Asiatic Orange,Lily Asiatic,490708
Lily Asiatic Orange,Lily Asiatic,490708
Lily Asiatic Peach,Lily Asiatic,490709
Lily Asiatic Pink,Lily Asiatic,490710
Lily Asiatic Pink,Lily Asiatic,490710
Lily Asiatic Red,Lily Asiatic,490711
Lily Asiatic White,Lily Asiatic,490712
Lily Asiatic White,Lily Asiatic,490712
Lily Asiatic White,Lily Asiatic,490712
Lily Asiatic Yellow,Lily Asiatic,490713
Lily Asiatic Yellow,Lily Asiatic,490713
Lily Asiatic Yellow,Lily Asiatic,490713
Lily Grass Green,Lily Grass,513937
Lily Grass Green,Lily Grass,513937
Lily Grass Green,Lily Grass,513937
Lily Grass Variegated,Lily Grass,513938
Lily Grass Variegated,Lily Grass,513938
Lily Grass Variegated,Lily Grass,513938
Lily Oriental Assorted 3/5b,Lily Oriental,490745
Lily Oriental Hot Pink 3/5b,Lily Oriental,3386341
Lily Oriental Light Pink 3/5b,Lily Oriental,3386331
Lily Oriental Siberia White 3/5b,Lily Oriental,490879
Lily Oriental Sorbonne Light Pink 3/5b,Lily Oriental,490887
Lily Oriental Star Fighter Pink/White 3/5b,Lily Oriental,490891
Lily Oriental Star Fighter Pink/White 3/5b,Lily Oriental,490891
Lily Oriental White 3/5b,Lily Oriental,490750
Lily Oriental White 3/5b,Lily Oriental,490750
Lily Oriental White 3/5b,Lily Oriental,490750
Lily Oriental Yellow 3/5b,Lily Oriental,490751
Lily Oriental Yellow 3/5b,Lily Oriental,490751
Lily Roselily Pink,Lily Roselily,490807
Lily Roselily Pink,Lily Roselily,490807
Lily Roselily White,Lily Roselily,1810941
Lily Roselily White,Lily Roselily,1810941
Limonium California Blue,Limonium,828525
Limonium Maine Blue Blue,Limonium,490070
Limonium Misty Blue Blue,Limonium,490072
Limonium Oshi Pink,Limonium,1746303
Limonium Pina Colada White,Limonium,1086944
Limonium Sinensis Assorted Select,Limonium,513133
Limonium Sinensis Lavender,Limonium,3456319
Limonium Sinensis Pink,Limonium,491197
Limonium Sinensis White,Limonium,491196
Limonium Sinensis Yellow Select,Limonium,509461
Limonium Skylight Light Blue,Limonium,640268
Lisianthus Assorted,Lisianthus,513965
Lisianthus Peach,Lisianthus,513973
Lisianthus Pink,Lisianthus,490606
Lisianthus Purple,Lisianthus,490605
Lisianthus White,Lisianthus,490607
Lysimachia White,Lysimachia,666519
Magnolia Tips Green,Magnolia,516096
Magnolia Tips Green,Magnolia,516096
Ming Fern Green,Ming Fern,512626
Ming Fern Green,Ming Fern,512626
Mini Carnation Assorted,Mini Carnation,485388
Mini Carnation Burgundy,Mini Carnation,485389
Mini Carnation Cream,Mini Carnation,485390
Mini Carnation Green,Mini Carnation,485392
Mini Carnation Hot Pink,Mini Carnation,485393
Mini Carnation Lavender,Mini Carnation,485394
Mini Carnation Light Pink,Mini Carnation,485395
Mini Carnation Orange,Mini Carnation,485396
Mini Carnation Peach,Mini Carnation,485397
Mini Carnation Peppermint,Mini Carnation,485398
Mini Carnation Pink,Mini Carnation,485399
Mini Carnation Purple,Mini Carnation,485400
Mini Carnation Red,Mini Carnation,485401
Mini Carnation White,Mini Carnation,485406
Mini Carnation Yellow,Mini Carnation,485407
Mint Flowering,Mint,828732
Moss Mood Green,Moss,516147
Moss Mood Green,Moss,516147
Moss Mood Green,Moss,516147
Moss Sheet Green,Moss,516154
Moss Spanish Gray,Moss,516155
Mum Astroid Yellow,Mum,1225558
Mum Blaze Bronze,Mum,867675
Mum Magnum White,Mum,885265
Mum Magnum Yellow Yellow,Mum,1457842
Myersii (Foxtail Fern) Green,Myersii (Foxtail Fern),516164
Myersii (Foxtail Fern) Green,Myersii (Foxtail Fern),516164
Nagi Foliage Green,Nagi,516169
Nagi Foliage Green,Nagi,516169
Ornithogalum Thyrsoides White Medium,Ornithogalum,485431
Palm Leaf Palmetto Green,Palm Leaf,516203
Palm Leaf Roebelinii Green,Palm Leaf,516208
Papyrus Lion's Head Green,Papyrus,516217
Phlox White,Phlox,490073
Phlox White,Phlox,490073
Phylica White,Phylica,885410
Phylica White,Phylica,885410
Pistachio Foliage Green,Pistachio Foliage,1195880
Pittosporum Brillantina Green,Pittosporum,1219050
Pittosporum Green,Pittosporum,627860
Pittosporum Green,Pittosporum,627860
Pittosporum Variegated,Pittosporum,627861
Pittosporum Variegated,Pittosporum,627861
"Plant Succulent Assorted 2.5""",Plant,2584753
"Plant Succulent Assorted 3.5""",Plant,516277
Plumosa Green,Plumosa,491529
Plumosa Green,Plumosa,491529
Pod Scabiosa Brown,Pod,517626
Pompon Bradford Orange,Pompon,485435
Pompon Button Assorted,Pompon Button,485436
Pompon Button Becky Light Fuchsia,Pompon Button,942304
Pompon Button Eagle White,Pompon Button,2013242
Pompon Button Green,Pompon Button,485440
Pompon Button Hotrod Burgundy,Pompon Button,1089906
Pompon Button Lexy Bronze,Pompon Button,1050108
Pompon Button Paintball Sunny Yellow,Pompon Button,2013245
Pompon Button Purple,Pompon Button,485444
Pompon Button Uva Purple,Pompon Button,886695
Pompon CDN Assorted,Pompon,485451
Pompon Cushion Artic Queen White,Pompon Cushion,886674
Pompon Cushion Cooper Bronze,Pompon Cushion,1038936
Pompon Cushion Maisy White,Pompon Cushion,1012357
Pompon Cushion Malbec Burgundy,Pompon Cushion,886693
Pompon Cushion Paulina Dark Purple,Pompon Cushion,940996
Pompon Cushion Red,Pompon Cushion,485465
Pompon Cushion Rock Red,Pompon Cushion,832399
Pompon Cushion Tornado Purple,Pompon Cushion,1089903
Pompon Cushion White,Pompon Cushion,485466
Pompon Cushion Yellow,Pompon Cushion,485467
Pompon Daisy Alma White,Pompon Daisy,2008684
Pompon Daisy Assorted,Pompon Daisy,485468
Pompon Daisy Atlantis Dark Pink Lavender,Pompon Daisy,2013269
Pompon Daisy Atlantis White White,Pompon Daisy,2008677
Pompon Daisy Factor Yellow,Pompon Daisy,886704
Pompon Daisy Handsome Purple/White,Pompon Daisy,627853
Pompon Daisy Meraki White,Pompon Daisy,2013246
Pompon Daisy Pink,Pompon Daisy,485474
Pompon Daisy Purple,Pompon Daisy,485475
Pompon Daisy Tequila Sunrise Salmon,Pompon Daisy,2512910
Pompon Daisy Vyking Orange,Pompon Daisy,485533
Pompon Daisy White,Pompon Daisy,485477
Pompon Daisy Yellow,Pompon Daisy,485478
Pompon Daisy Yin Yang White - Black Center,Pompon Daisy,566516
Pompon Micro Daisy Vybowl Yellow Select,Pompon Micro Daisy,490212
Pompon Novelty Holanda Bronze,Pompon,3731036
Pompon Santini Yellow,Pompon Santini,485511
Protea Brenda Red,Protea,514034
Protea King White,Protea,514039
Protea King White,Protea,514039
Protea Lady White,Protea,1090367
Protea Lady White,Protea,1090367
Protea Pink Ice Pink,Protea,510047
Ranunculus Assorted,Ranunculus,514051
Ranunculus Burgundy,Ranunculus,514054
Ranunculus Butterfly Phytalos Yellow,Ranunculus Butterfly,938951
Ranunculus Chocolate Brown,Ranunculus,579795
Ranunculus Clooney Hanoi Blush,Ranunculus Clooney,938922
Ranunculus Clooney Peach,Ranunculus Clooney,3787385
Ranunculus Hot Pink,Ranunculus,829999
Ranunculus Light Pink,Ranunculus,514061
Ranunculus Light Pink,Ranunculus,12246406
Ranunculus Moderna Dolce Pink,Ranunculus Moderna,16469938
Ranunculus Moderna Proxima Yellow,Ranunculus Moderna,16469941
Ranunculus Moderna Riviera Peach,Ranunculus Moderna,16469940
Ranunculus Moderna Sunny Yellow,Ranunculus Moderna,16469936
Ranunculus Moderna Venus Light Pink,Ranunculus Moderna,16469935
Ranunculus Pastel Assorted Assorted,Ranunculus,579797
Ranunculus Pink,Ranunculus,514065
Ranunculus Pink,Ranunculus,12246404
Ranunculus Pon Pon Igloo White/Green,Ranunculus Pon Pon,938942
Ranunculus Purple,Ranunculus,565903
Ranunculus Red,Ranunculus,514067
Ranunculus Red,Ranunculus,12246408
Ranunculus Salmon,Ranunculus,1051732
Ranunculus Salmon,Ranunculus,12246401
Ranunculus Salmon,Ranunculus,12246401
Ranunculus Striato Mixed,Ranunculus,1036940
Ranunculus White,Ranunculus,514070
Ranunculus White,Ranunculus,12246320
Ranunculus White,Ranunculus,12246320
Ranunculus Yellow,Ranunculus,514071
Riceflower Light Pink,Riceflower,514136
Riceflower White,Riceflower,514137
Rose Absolut in Pink Light Pink,Rose,4265272
Rose Absolut in Pink Light Pink,Rose,4265319
Rose Absolut in Pink Light Pink,Rose,4265366
Rose Akito White,Rose,485657
Rose Akito White,Rose,485658
Rose Akito White,Rose,485659
Rose Alba White,Rose,509449
Rose Alba White,Rose,509450
Rose Alejandra Peach,Rose,485662
Rose Aloha Orange,Rose,8698885
Rose Aloha Orange,Rose,8698886
Rose Aloha Orange,Rose,8698887
Rose Alquimia Orange,Rose,8698893
Rose Alquimia Orange,Rose,8698894
Rose Alquimia Orange,Rose,8698895
Rose Aly Light Pink,Rose,3309158
Rose Aly Light Pink,Rose,3309159
Rose Aly Light Pink,Rose,3309160
Rose Amnesia Antique Lavender,Rose,485712
Rose Amnesia Antique Lavender,Rose,485713
Rose Amnesia Antique Lavender,Rose,485714
Rose Amsterdam Salmon,Rose,485717
Rose Amsterdam Salmon,Rose,485718
Rose Amsterdam Salmon,Rose,485719
Rose Andrea Lavender,Rose,1256543
Rose Art Deco Light Mauvy Pink,Rose,509468
Rose Art Deco Light Mauvy Pink,Rose,509469
Rose Arya Lavender,Rose,12246414
Rose Aspen White,Rose,1249191
Rose Aspen White,Rose,1249192
Rose Assorted,Rose,485538
Rose Assorted,Rose,485539
Rose Assorted,Rose,485540
Rose Assorted,Rose,485541
Rose Babbaloo Pink,Rose,8698916
Rose Babbaloo Pink,Rose,8698917
Rose Babbaloo Pink,Rose,8698918
Rose Barista Mauve,Rose,3295880
Rose Barista Mauve,Rose,3295881
Rose Barista Mauve,Rose,3295882
Rose Be Sweet Pink,Rose,4265240
Rose Bikini Yellow,Rose,485822
Rose Bikini Yellow,Rose,485823
Rose Bikini Yellow,Rose,485824
Rose Bittersweet Orange,Rose,4084038
Rose Black Baccara Dark Red,Rose,485827
Rose Black Baccara Dark Red,Rose,485828
Rose Black Magic Dark Red,Rose,485843
Rose Black Magic Dark Red,Rose,485844
Rose Blue Dream Lavender,Rose,4289283
Rose Blue Dream Lavender,Rose,4289284
Rose Blueberry Lavender,Rose,485862
Rose Blueberry Lavender,Rose,485863
Rose Blueberry Lavender,Rose,485864
Rose Bluez Red/White,Rose,1206728
Rose Bluez Red/White,Rose,1206729
Rose Blush Red/White,Rose,485874
Rose Born Beauty Hot Pink,Rose,8698999
Rose Born Beauty Hot Pink,Rose,8699000
Rose Born Beauty Hot Pink,Rose,8699001
Rose Born Free Red,Rose,8699004
Rose Born Free Red,Rose,8699005
Rose Born Free Red,Rose,8699006
Rose Boulevard Pink/White,Rose,485893
Rose Boulevard Pink/White,Rose,485894
Rose Breathless Mauve/Lavender,Rose,7431692
Rose Breathless Mauve/Lavender,Rose,7431693
Rose Breathless Mauve/Lavender,Rose,7431694
Rose Breezer Hot Pink,Rose,700049
Rose Brighton Yellow,Rose,490251
Rose Brighton Yellow,Rose,512849
Rose Brighton Yellow,Rose,512850
Rose Brighton Yellow,Rose,512852
Rose Bromo Orange,Rose,4265225
Rose Bromo Orange,Rose,4265241
Rose Brown,Rose,485544
Rose Brown,Rose,485545
Rose Brown,Rose,485546
Rose Bumblebee Gold,Rose,3807118
Rose Bumblebee Gold,Rose,3807119
Rose Bumblebee Gold,Rose,3807120
Rose Butterscotch Yellow,Rose,485927
Rose Butterscotch Yellow,Rose,485928
Rose Cabaret Cream/Peach,Rose,485937
Rose Cabaret Cream/Peach,Rose,485938
Rose Cabaret Cream/Peach,Rose,485939
Rose Cafe Mocca Brown,Rose,1171720
Rose Cancun Yellow,Rose,8699009
Rose Cancun Yellow,Rose,8699010
Rose Cancun Yellow,Rose,8699011
Rose Candlelight White,Rose,485958
Rose Candlelight White,Rose,485959
Rose Candlelight White,Rose,485960
Rose Cappuccino Beige,Rose,884226
Rose Caramel Macchiato Peach/Beige,Rose,8699055
Rose Caramel Macchiato Peach/Beige,Rose,8699057
Rose Caramel Macchiato Peach/Beige,Rose,8699059
Rose Carnelian Orange,Rose,4265358
Rose Carnelian Orange,Rose,4265405
Rose Carousel Pink/White,Rose,485988
Rose Carousel Pink/White,Rose,485989
Rose Carpe Diem Apricot,Rose,485993
Rose Carpe Diem Apricot,Rose,485994
Rose Cayenne Orange,Rose,486005
Rose Champagne Beige,Rose,486023
Rose Champagne Beige,Rose,486024
Rose Champagne Beige,Rose,486025
Rose Champagner Peach,Rose,5653512
Rose Champagner Peach,Rose,5653512
Rose Champagner Peach,Rose,5653513
Rose Champagner Peach,Rose,5653514
Rose Cherry Brandy Pink/Yellow,Rose,486050
Rose Cherry Brandy Pink/Yellow,Rose,486051
Rose Cherry Love Red,Rose,486057
Rose Cherry O Hot Pink,Rose,486060
Rose Cherry O Hot Pink,Rose,486061
Rose Cherry O Hot Pink,Rose,486062
Rose Chilis Orange,Rose,486066
Rose Cleo Light Pink,Rose,4265356
Rose Cleo Light Pink,Rose,4265403
Rose Coffee Break Brown,Rose,486110
Rose Cold Brew Caramel/Pink,Rose,1818985
Rose Cool Water Lavender,Rose,486135
Rose Cool Water Lavender,Rose,486136
Rose Cool Water Lavender,Rose,486137
Rose Cooldown Lavender,Rose,4265209
Rose Cooldown Lavender,Rose,4265226
Rose Cooldown Lavender,Rose,4265242
Rose Coral Reef Coral,Rose,486140
Rose Coral Reef Coral,Rose,486141
Rose Coral Reef Coral,Rose,486142
Rose Cotton Candy Pink,Rose,486160
Rose Country Aquarell Pink/Peach,Rose,14874073
Rose Country Blues Lavender,Rose,1819182
Rose Country Blues Lavender,Rose,2113281
Rose Country Candy Light Pink,Rose,8699070
Rose Country Candy Light Pink,Rose,8699072
Rose Country Candy Light Pink,Rose,8699073
Rose Country Home Peach,Rose,1008696
Rose Country Home Peach,Rose,1008697
Rose Country Sun Yellow,Rose,1496687
Rose Cream,Rose,485556
Rose Cream,Rose,485557
Rose Cream,Rose,485558
Rose Creme De La Creme Light Yellow,Rose,486180
Rose Creme De La Creme Light Yellow,Rose,486181
Rose Cute Enigma Beige/Blush/Sand,Rose,8699100
Rose Cute Enigma Beige/Blush/Sand,Rose,8699102
Rose Cute Enigma Beige/Blush/Sand,Rose,8699104
Rose Dallas Red,Rose,8699108
Rose Dallas Red,Rose,8699109
Rose Dallas Red,Rose,8699110
Rose Deep Purple Lavender,Rose,486215
Rose Deep Purple Lavender,Rose,486216
Rose Deep Purple Lavender,Rose,486217
Rose Dragon Tale Orange,Rose,8699115
Rose Dragon Tale Orange,Rose,8699116
Rose Dragon Tale Orange,Rose,8699117
Rose Dragonfly Orange,Rose,8699121
Rose Dragonfly Orange,Rose,8699122
Rose Dragonfly Orange,Rose,8699123
Rose Dyed Blue,Rose,1079342
Rose Dyed Blue,Rose,1079343
Rose Dynamic Light Peach,Rose,1008794
Rose Dynamic Light Peach,Rose,1008795
Rose Dynamic Light Peach,Rose,1008796
Rose Early Grey Silver,Rose,486270
Rose Early Grey Silver,Rose,486271
Rose Easy Fashion Yellow,Rose,8699126
Rose Easy Fashion Yellow,Rose,8699128
Rose Easy Fashion Yellow,Rose,8699129
Rose Encanto Orange/Yellow,Rose,486310
Rose Enchantment Hot Pink,Rose,4265279
Rose Enchantment Hot Pink,Rose,4265326
Rose Enchantment Hot Pink,Rose,4265373
Rose Escimo White,Rose,486325
Rose Escimo White,Rose,486326
Rose Escimo White,Rose,486327
Rose Esperance Pink/White,Rose,486330
Rose Esperance Pink/White,Rose,486331
Rose Esperance Pink/White,Rose,486332
Rose Explorer Red,Rose,486366
Rose Explorer Red,Rose,486367
Rose Explorer Red,Rose,486368
Rose Explorer Red,Rose,486369
Rose Faith Mauve,Rose,486375
Rose Faith Mauve,Rose,486376
Rose Faith Mauve,Rose,486377
Rose Fascination Peach,Rose,4084055
Rose Fascination Peach,Rose,4084056
Rose Felicity Peach,Rose,8699139
Rose Felicity Peach,Rose,8699140
Rose Felicity Peach,Rose,8699141
Rose Fidji Orange/Peach,Rose,542869
Rose Finally Dark Red,Rose,1016455
Rose Finally Dark Red,Rose,1016456
Rose Fortune Red,Rose,4265364
Rose Fortune Red,Rose,4265411
Rose Free Spirit Apricot,Rose,486459
Rose Free Spirit Apricot,Rose,486460
Rose Free Spirit Apricot,Rose,486461
Rose Freedom Red,Rose,486467
Rose Freedom Red,Rose,486468
Rose Freedom Red,Rose,486469
Rose Freedom Red,Rose,486470
Rose Freedom Red,Rose,486471
Rose Frutetto Blush/Pink,Rose,1003869
Rose Frutetto Blush/Pink,Rose,1003870
Rose Frutetto Blush/Pink,Rose,1003871
Rose Full Monty Hot Pink,Rose,3653561
Rose Full Monty Hot Pink,Rose,3653562
Rose Full Monty Hot Pink,Rose,3653563
Rose Garden Alabaster White,Rose Garden,487967
Rose Garden Angelkiss White,Rose Garden,8698900
Rose Garden Angelkiss White,Rose Garden,8698901
Rose Garden Antonia Garden Cream,Rose Garden,8698909
Rose Garden Antonia Garden Cream,Rose Garden,8698910
Rose Garden Apple Jack Bicolor Pink,Rose Garden,5419636
Rose Garden Art Nouvo Light Pink,Rose Garden,5613596
Rose Garden Assorted,Rose Garden,487962
Rose Garden Assorted,Rose Garden,487962
Rose Garden Assorted,Rose Garden,487962
Rose Garden Assorted,Rose Garden,487963
Rose Garden Assorted,Rose Garden,487963
Rose Garden Atomic Red/Orange,Rose Garden,1427702
Rose Garden Atomic Red/Orange,Rose Garden,1427705
Rose Garden Atomic Red/Orange,Rose Garden,1427706
Rose Garden Buttercup Cream,Rose Garden,1356467
Rose Garden Cafe Latte Beige/Lavender,Rose Garden,726069
Rose Garden Cafe Latte Beige/Lavender,Rose Garden,726069
Rose Garden Cafe Latte Beige/Lavender,Rose Garden,726070
Rose Garden Campanella Peach,Rose Garden,884744
Rose Garden Caramel Antique Apricot,Rose Garden,488062
Rose Garden Catalina Yellow,Rose Garden,488077
Rose Garden Catalina Yellow,Rose Garden,488077
Rose Garden Claire De Lune White,Rose Garden,8661255
Rose Garden Claire De Lune White,Rose Garden,8661256
Rose Garden Coldplay White,Rose Garden,2084874
Rose Garden Coral X-pression Coral,Rose Garden,1241510
Rose Garden Coral X-pression Coral,Rose Garden,1241511
Rose Garden Cotton X-pression Cream,Rose Garden,4265227
Rose Garden Cotton X-pression Cream,Rose Garden,4265243
Rose Garden Country Secret Blush,Rose Garden,3423460
Rose Garden Country Secret Blush,Rose Garden,3423461
Rose Garden Cream X-pression Cream,Rose Garden,4277204
Rose Garden Cream X-pression Cream,Rose Garden,4277205
Rose Garden Cream X-pression Cream,Rose Garden,4277206
Rose Garden Creamykiss Cream,Rose Garden,8699076
Rose Garden Creamykiss Cream,Rose Garden,8699080
Rose Garden Crystal Flame Orange,Rose Garden,8699094
Rose Garden Crystal Flame Orange,Rose Garden,8699095
Rose Garden Dark X-pression Hot Pink,Rose Garden,3423467
Rose Garden Dark X-pression Hot Pink,Rose Garden,3423468
Rose Garden David Austin Assorted,Rose Garden,1203980
Rose Garden Degas Bronze,Rose Garden,9082367
Rose Garden Garden Spirit Blush,Rose Garden,490140
Rose Garden Garden Spirit Blush,Rose Garden,490165
Rose Garden Juliet Peach,Rose Garden,488246
Rose Garden Juliet Peach,Rose Garden,488247
Rose Garden Keira Blush,Rose Garden,488267
Rose Garden Leonora Cream/White,Rose Garden,1818975
Rose Garden Magnolia Cream,Rose Garden,8699212
Rose Garden Magnolia Cream,Rose Garden,8699213
Rose Garden Mamy Blue Purple,Rose Garden,884806
Rose Garden Mamy Blue Purple,Rose Garden,488307
Rose Garden Mandarin X-pression Pink,Rose Garden,4265216
Rose Garden Mayra Bridal Pink Light Pink,Rose Garden,508843
Rose Garden Mayra Peach Peach,Rose Garden,884812
Rose Garden Melon X-pression Peach,Rose Garden,8699222
Rose Garden Melon X-pression Peach,Rose Garden,8699223
Rose Garden Miyabi Brown Tan/Light Pink,Rose Garden,3459162
Rose Garden Miyabi Pink Shades,Rose Garden,1784970
Rose Garden Monet Pale Peach,Rose Garden,3452242
Rose Garden Notting Hill Peach,Rose Garden,1247673
Rose Garden O'hara Light Pink,Rose Garden,488352
Rose Garden O'hara Light Pink,Rose Garden,488352
Rose Garden O'hara Light Pink,Rose Garden,488353
Rose Garden Patience Cream,Rose Garden,488372
Rose Garden Peonikiss Pink,Rose Garden,8699274
Rose Garden Peonikiss Pink,Rose Garden,8699275
Rose Garden Piano Red,Rose Garden,884829
Rose Garden Pink Monster Pink,Rose Garden,8699290
Rose Garden Pink Monster Pink,Rose Garden,8699291
Rose Garden Pink X-pression Light Pink,Rose Garden,1001425
Rose Garden Pink X-pression Light Pink,Rose Garden,1001427
Rose Garden Powder Puff Light Pink,Rose Garden,15185479
Rose Garden Powder Puff Light Pink,Rose Garden,15185480
Rose Garden Powder Puff Light Pink,Rose Garden,15185481
Rose Garden Princess Crown Peach/Light Salmon,Rose Garden,3423448
Rose Garden Princess Crown Peach/Light Salmon,Rose Garden,3423457
Rose Garden Princess Crown Peach/Light Salmon,Rose Garden,3423458
Rose Garden Princess Hitomi Light Pink Blush,Rose Garden,1222365
Rose Garden Princess Maya Light Pink/Peach,Rose Garden,1012524
Rose Garden Princess Miyuki White,Rose Garden,617839
Rose Garden Purity White,Rose Garden,644417
Rose Garden Queens Crown Mauve,Rose Garden,1829817
Rose Garden Queens Crown Mauve,Rose Garden,1829818
Rose Garden Romantic Antike Pink,Rose Garden,488447
Rose Garden Secret Garden Light Pink,Rose Garden,488488
Rose Garden Secret Garden Light Pink,Rose Garden,488489
Rose Garden Sunny X-pression Yellow,Rose Garden,8700174
Rose Garden Sunny X-pression Yellow,Rose Garden,8700175
Rose Garden Sunny X-pression Yellow,Rose Garden,8700176
Rose Garden Tess Red,Rose Garden,488517
Rose Garden Veggie Green/Cream,Rose Garden,3523302
Rose Garden Veggie Green/Cream,Rose Garden,3523304
Rose Garden Veggie Green/Cream,Rose Garden,3523306
Rose Garden Wanted Burgundy,Rose Garden,488567
Rose Garden Westminster Abbey Ivory,Rose Garden,1195596
Rose Garden Westminster Abbey Ivory,Rose Garden,1195596
Rose Garden Westminster Abbey Ivory,Rose Garden,1195598
Rose Garden White O'hara Blush,Rose Garden,488587
Rose Garden White O'hara Blush,Rose Garden,488587
Rose Garden White O'hara Blush,Rose Garden,488588
Rose Garden White X-pression White,Rose Garden,14766507
Rose Garden Wild Crown Orange,Rose Garden,8700219
Rose Garden Wild Crown Orange,Rose Garden,8700220
Rose Garden Wild Crown Orange,Rose Garden,8700221
Rose Geraldine Antique Pink,Rose,486499
Rose Geraldine Antique Pink,Rose,486500
Rose Gigi Hot Pink,Rose,486510
Rose Glam Orange,Rose,8699144
Rose Glam Orange,Rose,8699145
Rose Glam Orange,Rose,8699146
Rose Glitz Yellow,Rose,4265328
Rose Glitz Yellow,Rose,4265375
Rose Golden Mustard Beige,Rose,490283
Rose Goldfinch Yellow,Rose,4265246
Rose Goldfinch Yellow,Rose,4265262
Rose Gotcha Fuchsia,Rose,519860
Rose Gotcha Fuchsia,Rose,519861
Rose Govinda Lavender/Mauve,Rose,3366446
Rose Govinda Lavender/Mauve,Rose,3366447
Rose Green,Rose,485562
Rose Green,Rose,485563
Rose Green,Rose,485564
Rose Green Romance Green,Rose,8699149
Rose Green Romance Green,Rose,8699150
Rose Green Romance Green,Rose,8699152
Rose Green Tea Green,Rose,486563
Rose Green Tea Green,Rose,486564
Rose Green Tea Green,Rose,486565
Rose Grey Knight Grey,Rose,513127
Rose Grey Knight Grey,Rose,519858
Rose Happy Bride Pale Pink,Rose,8699161
Rose Happy Bride Pale Pink,Rose,8699162
Rose Happy Bride Pale Pink,Rose,8699163
Rose Heart of Gold Gold,Rose,1756003
Rose Hearts Dark Red,Rose,486588
Rose Hearts Dark Red,Rose,486589
Rose Hearts Dark Red,Rose,486590
Rose Hermosa Pink,Rose,486604
Rose Hermosa Pink,Rose,486605
Rose Hermosa Pink,Rose,486606
Rose High & Candy Pink/White,Rose,486623
Rose High & Candy Pink/White,Rose,486624
Rose High & Candy Pink/White,Rose,486625
Rose High & Exotic Yellow,Rose,486639
Rose High & Exotic Yellow,Rose,486640
Rose High & Intense Orange/Yellow,Rose,486648
Rose High & Intense Orange/Yellow,Rose,486649
Rose High & Magic Yellow/Red Tip,Rose,512405
Rose High & Magic Yellow/Red Tip,Rose,512406
Rose High & Magic Yellow/Red Tip,Rose,490286
Rose High & Orange Magic Orange,Rose,700767
Rose High & Orange Magic Orange,Rose,700768
Rose High & Yellow Flame Red/Yellow,Rose,884384
Rose High & Yellow Flame Red/Yellow,Rose,729491
Rose Hilux Dark Coral,Rose,3653567
Rose Hilux Dark Coral,Rose,3653568
Rose Hornbill Orange,Rose,8699167
Rose Hornbill Orange,Rose,8699168
Rose Hornbill Orange,Rose,8699169
Rose Hot Carpe Diem Hot Pink,Rose,884397
Rose Hot Escimo Pink,Rose,486693
Rose Hot Explorer Hot Pink,Rose,1819632
Rose Hot Merengue Red/Yellow,Rose,486704
Rose Hot Merengue Red/Yellow,Rose,486705
Rose Hot Merengue Red/Yellow,Rose,486706
Rose Hot Pink,Rose,1205762
Rose Hot Pink,Rose,639106
Rose Hot Pink,Rose,647919
Rose Hot Princess Fuchsia,Rose,486719
Rose Hot Princess Fuchsia,Rose,486720
Rose Idole Gold,Rose,486738
Rose Idole Gold,Rose,486739
Rose Iguazu Red/Cream,Rose,3653578
Rose Imagination Peach,Rose,486754
Rose Inocencia White,Rose,486773
Rose Jacaranda Hot Pink,Rose,8699197
Rose Jacaranda Hot Pink,Rose,8699198
Rose Jacaranda Hot Pink,Rose,8699199
Rose Jessica Light Pink,Rose,486808
Rose Jessica Light Pink,Rose,486809
Rose Jessica Light Pink,Rose,486810
Rose Kahala Coral,Rose,486833
Rose Kahala Coral,Rose,486834
Rose King's Cross Gold/Peach,Rose,8699202
Rose King's Cross Gold/Peach,Rose,8699203
Rose King's Cross Gold/Peach,Rose,8699204
Rose Lavender,Rose,485574
Rose Lavender,Rose,485575
Rose Lavender,Rose,485576
Rose Lemonade Green,Rose,486943
Rose Lemonade Green,Rose,486944
Rose Lemonade Green,Rose,486945
Rose Light Pink,Rose,485580
Rose Light Pink,Rose,485581
Rose Light Pink,Rose,485582
Rose Light Spirit Peach,Rose,8699207
Rose Light Spirit Peach,Rose,8699208
Rose Light Spirit Peach,Rose,8699209
Rose Lighthouse Yellow,Rose,3658111
Rose Lighthouse Yellow,Rose,3658112
Rose Lighthouse Yellow,Rose,3658113
Rose Limonada Green,Rose,700735
Rose Lola Hot Pink,Rose,6886251
Rose Lola Hot Pink,Rose,2177940
Rose Lola Hot Pink,Rose,2064351
Rose Lorraine Light Pink,Rose,1406393
Rose Lorraine Light Pink,Rose,1406394
Rose Lorraine Light Pink,Rose,1406395
Rose Love Bites Pink,Rose,4265379
Rose Luciano Light Pink,Rose,2072066
Rose Luciano Light Pink,Rose,2026098
Rose Luciano Light Pink,Rose,2111738
Rose Lumia Orange,Rose,8708021
Rose Lumia Orange,Rose,8708023
Rose Lumia Orange,Rose,8708024
Rose Magic Times Red/White Bicolor,Rose,700751
Rose Magic Times Red/White Bicolor,Rose,700752
Rose Magic Times Red/White Bicolor,Rose,700753
Rose Malibu Pink,Rose,487014
Rose Malibu Pink,Rose,487015
Rose Mamma Mia Red,Rose,8699217
Rose Mamma Mia Red,Rose,8699218
Rose Mamma Mia Red,Rose,8699219
Rose Mandala Pink,Rose,4084084
Rose Mandala Pink,Rose,4084086
Rose Mandala Pink,Rose,4084087
Rose Marzipan Beige,Rose,542915
Rose Matcha Green/Pink,Rose,7431745
Rose Matilda Mauve/Chocolate,Rose,7431748
Rose Matilda Mauve/Chocolate,Rose,7431749
Rose Menta Lavender,Rose,565855
Rose Menta Lavender,Rose,562014
Rose Millenial Pink Pink,Rose,4265381
Rose Miss Piggy Orange/Pink,Rose,884493
Rose Moab Beige,Rose,3309161
Rose Mohana Yellow,Rose,487084
Rose Momentum Yellow,Rose,7431760
Rose Momentum Yellow,Rose,7431761
Rose Mondial Cream,Rose,487098
Rose Mondial Cream,Rose,487099
Rose Mondial Cream,Rose,487100
Rose Mondial Cream,Rose,487101
Rose Moody Blue Lavender,Rose,487103
Rose Moody Blue Lavender,Rose,487104
Rose Moody Blue Lavender,Rose,487105
Rose Moonstone White,Rose,1247222
Rose Mother of Pearl Light Pink,Rose,487010
Rose Mother of Pearl Light Pink,Rose,487011
Rose Nautica Lavender,Rose,487139
Rose Nautica Lavender,Rose,487140
Rose Nena Light Pink,Rose,487148
Rose Nena Light Pink,Rose,487149
Rose Nena Light Pink,Rose,487150
Rose New Face Orange,Rose,8699264
Rose New Face Orange,Rose,8699265
Rose New Face Orange,Rose,8699266
Rose Newsflash Yellow/Red,Rose,3653582
Rose Nexus Orange,Rose,2340849
Rose Nina Orange,Rose,490467
Rose Nina Orange,Rose,490468
Rose Novia Light Pink,Rose,512978
Rose Novia Light Pink,Rose,512979
Rose Nuage Pink,Rose,8699269
Rose Nuage Pink,Rose,8699270
Rose Nuage Pink,Rose,8699271
Rose Ocean Song Light Lavender,Rose,487168
Rose Ocean Song Light Lavender,Rose,487169
Rose Ocean Song Light Lavender,Rose,487170
Rose Orange,Rose,485586
Rose Orange,Rose,485588
Rose Orange,Rose,485590
Rose Orange Crush Orange,Rose,487193
Rose Orange Crush Orange,Rose,487194
Rose Orange Crush Orange,Rose,487195
Rose Paloma Bicolor Light Pink,Rose,700059
Rose Paloma Bicolor Light Pink,Rose,700060
Rose Paloma Bicolor Light Pink,Rose,700061
Rose Peach,Rose,485597
Rose Peach,Rose,485598
Rose Peach,Rose,485599
Rose Peach Wave Peach,Rose,4265355
Rose Phoenix Peach,Rose,3169162
Rose Phoenix Peach,Rose,3169174
Rose Piacere Dark Lavender,Rose,3556319
Rose Piacere Dark Lavender,Rose,3556320
Rose Pic Nic Peach/Pink,Rose,8700269
Rose Pic Nic Peach/Pink,Rose,8700270
Rose Pic Nic Peach/Pink,Rose,8700271
Rose Pink,Rose,485603
Rose Pink,Rose,485604
Rose Pink,Rose,485605
Rose Pink Champagne Light Pink,Rose,7990026
Rose Pink Floyd Hot Pink,Rose,487303
Rose Pink Floyd Hot Pink,Rose,487304
Rose Pink Floyd Hot Pink,Rose,487305
Rose Pink Floyd Hot Pink,Rose,487306
Rose Pink Love Hot Pink,Rose,542431
Rose Pink Love Hot Pink,Rose,509040
Rose Pink Mondial Light Pink,Rose,513118
Rose Pink Mondial Light Pink,Rose,513119
Rose Pink Mondial Light Pink,Rose,563647
Rose Playa Blanca White,Rose,491511
Rose Playa Blanca White,Rose,491512
Rose Playa Blanca White,Rose,490650
Rose Playa Blanca White,Rose,491513
Rose Polar Star White,Rose,487324
Rose Polar Star White,Rose,487325
Rose Polo White,Rose,487329
Rose Polo White,Rose,487330
Rose PomaRosa Light Pink,Rose,3653587
Rose PomaRosa Light Pink,Rose,3653588
Rose Pompeii Beige,Rose,967493
Rose Pompeii Beige,Rose,1000472
Rose Priceless Pink,Rose,487345
Rose Priority Cream/Blush,Rose,4265339
Rose Priority Cream/Blush,Rose,4265386
Rose Proud White,Rose,487349
Rose Proud White,Rose,487350
Rose Pulcinella Pink,Rose,8699460
Rose Pulcinella Pink,Rose,8699480
Rose Pulcinella Pink,Rose,8699481
Rose Purple Cezanne Fuchsia,Rose,487354
Rose Purple Cezanne Fuchsia,Rose,487355
Rose Purple Haze Light Lavender,Rose,487358
Rose Purple Haze Light Lavender,Rose,487359
Rose Purple Haze Light Lavender,Rose,487360
Rose Purple Moon Mauve,Rose,1007500
Rose Queen Berry Fuchsia,Rose,884566
Rose Queen Berry Fuchsia,Rose,672171
Rose Quicksand Beige,Rose,487373
Rose Quicksand Beige,Rose,487373
Rose Quicksand Beige,Rose,487373
Rose Quicksand Beige,Rose,487374
Rose Quicksand Beige,Rose,487375
Rose Quicksand Beige,Rose,487376
Rose Rainbow Variegated,Rose,487383
Rose Rainbow Variegated,Rose,487384
Rose Rainbow Variegated,Rose,487385
Rose Razzmatazz Brown,Rose,8699498
Rose Razzmatazz Brown,Rose,8699500
Rose Razzmatazz Brown,Rose,8699512
Rose Red,Rose,485615
Rose Red,Rose,485616
Rose Red,Rose,485617
Rose Red Panther Burgundy/Red,Rose,1829813
Rose Red Panther Burgundy/Red,Rose,1829814
Rose Red Paris Dark Red,Rose,487423
Rose Red Paris Dark Red,Rose,487424
Rose Red Paris Dark Red,Rose,487425
Rose Redvolution Red,Rose,8699529
Rose Redvolution Red,Rose,8699541
Rose Redvolution Red,Rose,8699562
Rose Rhoslyn (aka Cielo aka La Vie En Rose) Pale Pink,Rose,7431797
Rose Rhoslyn (aka Cielo aka La Vie En Rose) Pale Pink,Rose,7431798
Rose Rhoslyn (aka Cielo aka La Vie En Rose) Pale Pink,Rose,7431799
Rose Romina Antique Pink,Rose,4265217
Rose Romina Antique Pink,Rose,4265233
Rose Rosita Vendela Pink,Rose,487458
Rose Rosita Vendela Pink,Rose,487459
Rose Rosita Vendela Pink,Rose,487460
Rose Saga Light Pink,Rose,672562
Rose Sahara Beige,Rose,487488
Rose Sahara Beige,Rose,487489
Rose Sahara Sensation Peach,Rose,1485163
Rose Sandcastle Beige,Rose,4450431
Rose Sandcastle Beige,Rose,4450432
Rose Sandcastle Beige,Rose,4450433
Rose Sandstorm Peach/Cream,Rose,5361324
Rose Sandstorm Peach/Cream,Rose,5361325
Rose Sandstorm Peach/Cream,Rose,5361326
Rose Sandy Light Pink/Cream,Rose,1090749
Rose Santana Dark Orange,Rose,487529
Rose Santana Dark Orange,Rose,487530
Rose Senorita Light Pink,Rose,487534
Rose Senorita Light Pink,Rose,487535
Rose Sensei Beige,Rose,4220150
Rose Senti Intensity Dark Red,Rose,14632049
Rose Shimmer Peach,Rose,567669
Rose Shimmer Peach,Rose,567670
Rose Shimmer Peach,Rose,567671
Rose Shimmer Peach,Rose,567672
Rose Shocking Blue Lavender,Rose,11560846
Rose Shocking Blue Lavender,Rose,11560847
Rose Shocking Blue Lavender,Rose,11560857
Rose Shogun Purple,Rose,849432
Rose Silantoi Golden Orange,Rose,3653592
Rose Silantoi Golden Orange,Rose,3653593
Rose Silver Sand Grey,Rose,6407985
Rose Silvery Light Lavender,Rose,1313593
Rose Silvery Light Lavender,Rose,1313594
Rose Snowballet White,Rose,8700159
Rose Snowballet White,Rose,8700160
Rose Snowballet White,Rose,8700161
Rose Snowy Jewel White,Rose,487589
Rose Snowy Jewel White,Rose,487590
Rose Sophia Blush,Rose,487619
Rose Sophia Blush,Rose,487620
Rose Sophia Blush,Rose,487621
Rose Soulmate Mauve,Rose,487624
Rose Soulmate Mauve,Rose,487625
Rose Star Platinum Lavender,Rose,4265236
Rose Star Platinum Lavender,Rose,4265252
Rose Starbright Yellow/Red,Rose,12323396
Rose Starbright Yellow/Red,Rose,12323397
Rose Stardust Yellow,Rose,518981
Rose Stardust Yellow,Rose,508806
Rose Starwalker Yellow,Rose,4265297
Rose Starwalker Yellow,Rose,4265344
Rose Starwalker Yellow,Rose,4265391
Rose Stiletto Hot Pink,Rose,627574
Rose Stiletto Hot Pink,Rose,627577
Rose Stiletto Hot Pink,Rose,627578
Rose Sunny Days Yellow,Rose,8700264
Rose Sunny Days Yellow,Rose,8700265
Rose Sunny Days Yellow,Rose,8700266
Rose Sunset Glory Orange,Rose,8700179
Rose Sunset Glory Orange,Rose,8700180
Rose Sunset Glory Orange,Rose,8700181
Rose Super Green Green,Rose,487658
Rose Super Sun Gold,Rose,1719915
Rose Super Sun Gold,Rose,1719916
Rose Sweet 4-Love Light Pink,Rose,1740638
Rose Sweet Akito Light Pink,Rose,487663
Rose Sweet Akito Light Pink,Rose,487664
Rose Sweet Akito Light Pink,Rose,487665
Rose Sweet Cake Pink,Rose,8700184
Rose Sweet Cake Pink,Rose,8700185
Rose Sweet Cake Pink,Rose,8700186
Rose Sweet Escimo Blush,Rose,487683
Rose Sweet Escimo Blush,Rose,487684
Rose Sweet Escimo Blush,Rose,487685
Rose Sweet Memory Pink,Rose,4265316
Rose Sweet Memory Pink,Rose,4265363
Rose Sweet Memory Pink,Rose,4265410
Rose Sweet Unique Pink,Rose,487688
Rose Sweet Unique Pink,Rose,487689
Rose Sweet Unique Pink,Rose,487690
Rose Sweetness Pink/White,Rose,487694
Rose Sweetness Pink/White,Rose,487695
Rose Sweetness Pink/White,Rose,487696
Rose Symbol Brown,Rose,4265221
Rose Symbol Brown,Rose,4265221
Rose Symbol Brown,Rose,4265237
Rose Tara Gold,Rose,487723
Rose Tara Gold,Rose,487724
Rose Teddy's Light Brown,Rose,8700190
Rose Teddy's Light Brown,Rose,8700191
Rose Tibet White,Rose,487743
Rose Tibet White,Rose,487744
Rose Tibet White,Rose,487745
Rose Tiffany Peach,Rose,487748
Rose Tiffany Peach,Rose,487749
Rose Tiffany Peach,Rose,487750
Rose Tina Hot Pink,Rose,8700194
Rose Tina Hot Pink,Rose,8700195
Rose Tina Hot Pink,Rose,8700196
Rose Titanic Light Pink,Rose,487764
Rose Titanic Light Pink,Rose,487765
Rose Titanic Light Pink,Rose,487766
Rose Toffee Novelty,Rose,966390
Rose Toffee Novelty,Rose,966391
Rose Topaz Fuchsia,Rose,487770
Rose Topaz Fuchsia,Rose,487771
Rose Tropic Versilia Peach,Rose,8700199
Rose Tropic Versilia Peach,Rose,8700200
Rose Tropic Versilia Peach,Rose,8700201
Rose Twilight Apricot,Rose,487793
Rose Twilight Apricot,Rose,487794
Rose Tycoon Light Orange,Rose,487803
Rose Tycoon Light Orange,Rose,487804
Rose Unforgiven Pink,Rose,4265302
Rose Unforgiven Pink,Rose,4265349
Rose Vendela Cream,Rose,487818
Rose Vendela Cream,Rose,487819
Rose Vendela Cream,Rose,487820
Rose Victorian Maria Pia Light Pink,Rose,3395277
Rose Violet Hill Lavender,Rose,4265351
Rose Violet Hill Lavender,Rose,4265398
Rose Violet Hill Lavender,Rose,4265445
Rose VIPink Hot Pink,Rose,5451751
Rose VIPink Hot Pink,Rose,5451753
Rose Voodoo Orange,Rose,487878
Rose Voodoo Orange,Rose,487879
Rose Wasabi Light Green,Rose,1016093
Rose Wasabi Light Green,Rose,1016094
Rose Watergame Pink,Rose,8700214
Rose Watergame Pink,Rose,8700215
Rose Watergame Pink,Rose,8700216
Rose White,Rose,485621
Rose White,Rose,485622
Rose White,Rose,485623
Rose White Chocolate Cream,Rose,487889
Rose White Chocolate Cream,Rose,487890
Rose White Chocolate Cream,Rose,487891
Rose White Shimmer White,Rose,4265353
Rose White Shimmer White,Rose,4265400
Rose Wild Moss Peach,Rose,8700224
Rose Wild Moss Peach,Rose,8700225
Rose Wild Moss Peach,Rose,8700226
Rose Wild Spirit Orange,Rose,487904
Rose Wildcat Orange/Coral,Rose,8700239
Rose Wildcat Orange/Coral,Rose,8700240
Rose Yellow,Rose,485627
Rose Yellow,Rose,485628
Rose Yellow,Rose,485629
Rose Yellow Reeva Yellow,Rose,8700243
Rose Yellow Reeva Yellow,Rose,8700244
Rose Yellow Reeva Yellow,Rose,8700245
Rose Yoga Pink,Rose,8700248
Rose Yoga Pink,Rose,8700249
Rose Yoga Pink,Rose,8700250
Rose Zen Beige/Chartreuse,Rose,5000709
Rose Zen Beige/Chartreuse,Rose,5000709
Rose Zen Beige/Chartreuse,Rose,5000710
Rose Zen Beige/Chartreuse,Rose,5000710
Rose Zephyr White,Rose,4265354
Rose Zephyr White,Rose,4265401
Ruscus Israeli Green,Ruscus,935983
Ruscus Italian Green,Ruscus,1004600
Ruscus Italian Green,Ruscus,1004600
Ruscus Italian Green,Ruscus,1004596
Ruscus Italian Green,Ruscus,1004596
Safflower Orange,Safflower,517739
Saponaria Pink,Saponaria,517749
Saponaria White,Saponaria,517750
Scabiosa Blackberry Scoop Burgundy,Scabiosa,699454
Scabiosa Focal Scoop Lavender,Scabiosa,1311113
Scabiosa Focal Scoop White,Scabiosa,1311233
Scabiosa French Vanilla Scoop Blush,Scabiosa,3297914
Scabiosa Lollipop Scoop Red,Scabiosa,887976
Scabiosa Milky Scoop White,Scabiosa,1078860
Scabiosa Milky Scoop White,Scabiosa,1078861
Snapdragon Assorted Select,Snapdragon,490169
Snapdragon Burgundy Select,Snapdragon,490177
Snapdragon Burgundy Select,Snapdragon,490177
Snapdragon Hot Pink Select,Snapdragon,1568420
Snapdragon Orange Select,Snapdragon,490178
Snapdragon Pink Select,Snapdragon,490174
Snapdragon Variegated Pink,Snapdragon,514153
Snapdragon White Select,Snapdragon,490528
Snapdragon Yellow Select,Snapdragon,490173
Solidago Estelle Cream,Solidago,488615
Solidago Golden Glory Yellow,Solidago,491378
Solidago Yellow,Solidago,488616
Solidago Yellow,Solidago,488616
Spray Rose Assorted,Spray Rose,488623
Spray Rose Assorted,Spray Rose,488624
Spray Rose Babe Orange,Spray Rose,488709
Spray Rose Baby Rosever Peach,Spray Rose,3395179
Spray Rose Bali Light Peach,Spray Rose,1090486
Spray Rose Be Amazing Peach,Spray Rose,15185491
Spray Rose Be Nice Pink,Spray Rose,15185487
Spray Rose Be True Blush,Spray Rose,15185483
Spray Rose Bellalinda Glee Coral,Spray Rose,8698931
Spray Rose Bellalinda Sweety Light Pink,Spray Rose,8729262
Spray Rose Bellalinda Sweety Light Pink,Spray Rose,8729263
Spray Rose Blue Moon Mauve,Spray Rose,488719
Spray Rose Brilliant Star Lemon Yellow,Spray Rose,488739
Spray Rose Brilliant Stars Cassiopeia Lavender,Spray Rose,14384778
Spray Rose Champagne Majolica Ivory,Spray Rose,5160654
Spray Rose Creta Pale Peach,Spray Rose,5408617
Spray Rose Elba Light Pink,Spray Rose,3653597
Spray Rose Fibonacci Gioconda Yellow,Spray Rose,14384781
Spray Rose Fibonacci Nautilus Coral,Spray Rose,14384775
Spray Rose Fibonacci Yantra Blush/Green,Spray Rose,4445675
Spray Rose Fibonacci Yantra Blush/Green,Spray Rose,4445676
Spray Rose Fibonacci Yantra Blush/Green,Spray Rose,4445677
Spray Rose Floreana White,Spray Rose,3395099
Spray Rose Galaxy Cream,Spray Rose,2292976
Spray Rose Galaxy Cream,Spray Rose,2292977
Spray Rose Garden Be Generous Peach,Spray Rose Garden,5419710
Spray Rose Garden Be Kind White,Spray Rose Garden,3395163
Spray Rose Garden Be Strong Beige/Chartreuse,Spray Rose Garden,5420302
Spray Rose Garden Strawberry Lace Pink,Spray Rose Garden,8700169
Spray Rose Garden Strawberry Lace Pink,Spray Rose Garden,8700170
Spray Rose Garden Vintage Rosever Hot Pink,Spray Rose Garden,8700204
Spray Rose Garden Vintage Rosever Hot Pink,Spray Rose Garden,8700205
Spray Rose Garden Virgin Rosever White,Spray Rose Garden,8700209
Spray Rose Garden Virgin Rosever White,Spray Rose Garden,8700210
Spray Rose Garden Wedding Rosever Blush/Pink,Spray Rose Garden,3395190
Spray Rose Garden Wink Allure Cream,Spray Rose Garden,4220206
Spray Rose Gem Star Fuchsia,Spray Rose,1574207
Spray Rose Ginger Light Pink,Spray Rose,3395197
Spray Rose Hanoi Majolica Blush Pink,Spray Rose,5536031
Spray Rose Hot Majolika Magenta,Spray Rose,488842
Spray Rose Ilse Peach,Spray Rose,488852
Spray Rose Lovely Lydia Fuchsia,Spray Rose,488889
Spray Rose Magic Mocca Beige,Spray Rose,4775248
Spray Rose Majolika Light Pink,Spray Rose,488905
Spray Rose Mambo Orange,Spray Rose,488909
Spray Rose Mambo Orange,Spray Rose,488910
Spray Rose Mulberry Hot Pink,Spray Rose,8699244
Spray Rose Mulberry Hot Pink,Spray Rose,8699255
Spray Rose Mykonos White,Spray Rose,8699259
Spray Rose Mykonos White,Spray Rose,8699260
Spray Rose Neo Orange,Spray Rose,884973
Spray Rose Orange,Spray Rose,488654
Spray Rose Polar Sensation White,Spray Rose,3395182
Spray Rose Porcelina Light Pink,Spray Rose,884984
Spray Rose Portrait Light Pink,Spray Rose,8699359
Spray Rose Portrait Light Pink,Spray Rose,8699376
Spray Rose Rainbow,Spray Rose,15185469
Spray Rose Red Mikado Dark Red,Spray Rose,489018
Spray Rose Rubicon Dark Red,Spray Rose,489033
Spray Rose Sahara Beige,Spray Rose,884999
Spray Rose Sahara Sensation Peach,Spray Rose,885000
Spray Rose Sedna Bicolor Pink,Spray Rose,4220202
Spray Rose Shining Star White,Spray Rose,8699801
Spray Rose Shining Star White,Spray Rose,8699867
Spray Rose Snowflake White,Spray Rose,489076
Spray Rose Snowflake White,Spray Rose,489077
Spray Rose Star Blush Blush,Spray Rose,489092
Spray Rose Sun City Yellow,Spray Rose,489097
Spray Rose Sweet Sensation Pink,Spray Rose,489116
Spray Rose Twinkle Bride Pink,Spray Rose,489136
Spray Rose Viviane White,Spray Rose,489146
Spray Rose White Majolika Cream,Spray Rose,489149
Spray Rose White Majolika Cream,Spray Rose,489151
Spray Rose White Majolika Cream,Spray Rose,489152
Spray Rose Yellow,Spray Rose,488684
Spray Rose Yellow Babe Yellow,Spray Rose,489176
Springerii Green,Springerii,517803
Springerii Green,Springerii,517803
Statice Assorted,Statice,489881
Statice Tissue Culture Lavender,Statice,489895
Statice Tissue Culture Pink,Statice,489897
Statice Tissue Culture Purple,Statice,489898
Statice Tissue Culture White,Statice,489899
Statice Tissue Culture Yellow,Statice,489900
Steel Grass Green,Steel Grass,517809
Stock Assorted Select,Stock,490631
Stock Blue Select,Stock,490616
Stock Blush Select,Stock,490615
Stock Burgundy Select,Stock,490617
Stock Dark Pink Select,Stock,490619
Stock Dark Purple Select,Stock,509709
Stock Dark Seashell Cream/Pink,Stock,3849099
Stock Hot Pink Select,Stock,490621
Stock Lavender Select,Stock,490622
Stock Light Pink Select,Stock,490625
Stock Mauve Select,Stock,1535323
Stock Peach Select,Stock,490624
Stock Pink,Stock,645623
Stock Purple Select,Stock,490626
Stock Red Select,Stock,490627
Stock Seashell Pink/White,Stock,4433804
Stock White Select,Stock,490628
Stock Yellow Select,Stock,509706
Strawflower Burgundy,Strawflower,517814
Strawflower Burgundy,Strawflower,517814
Strawflower Mixed,Strawflower,517813
Strawflower Mixed,Strawflower,517813
Strawflower Peach,Strawflower,823108
Strawflower Peach,Strawflower,823108
Strawflower Pink,Strawflower,1222499
Strawflower Pink,Strawflower,1222499
Strawflower Red,Strawflower,3154091
Strawflower White,Strawflower,517816
Strawflower White,Strawflower,517816
Strawflower Yellow,Strawflower,517817
Strawflower Yellow,Strawflower,517817
Sunflower Black Center Yellow,Sunflower,517934
Sunflower Black Center Yellow,Sunflower,517934
Sunflower Miniature Yellow,Sunflower,627864
Sunflower Miniature Yellow,Sunflower,627864
Sweet Pea Assorted,Sweet Pea,517949
Sweet Pea Coral,Sweet Pea,1006545
Sweet Pea Cream,Sweet Pea,1055033
Sweet Pea Dyed Orange/Red,Sweet Pea,2061246
Sweet Pea Dyed Yellow,Sweet Pea,2576912
Sweet Pea Hot Pink,Sweet Pea,517952
Sweet Pea Japan Megumi Beige/Pink,Sweet Pea Japan,939623
Sweet Pea Lavender,Sweet Pea,517953
Sweet Pea Miki Blush,Sweet Pea,4931281
Sweet Pea Pink,Sweet Pea,517956
Sweet Pea Yuki White,Sweet Pea,4931280
Sweet William Assorted,Sweet William,517985
Sweet William Hot Pink,Sweet William,517988
Sweet William Purple,Sweet William,517989
Sweet William Red,Sweet William,517990
Sweet William White,Sweet William,517991
Sword Fern Green,Sword Fern,500368
Sword Fern Green,Sword Fern,500368
Sword Fern Green,Sword Fern,500368
Sword Fern Green,Sword Fern,500368
Thlaspi (Penny Cress) Butterfly Green,Thlaspi (Penny Cress),1263661
Trachelium Blue,Trachelium,489343
Trachelium Green,Trachelium,489344
Trachelium White,Trachelium,489347
Tree Fern Green,Tree Fern,514165
Tree Fern Green,Tree Fern,514165
Tweedia Blue,Tweedia,518245
Tweedia White,Tweedia,518246
Umbrella Fern Green,Umbrella Fern,518250
Veronica Assorted,Veronica,513023
Veronica Lavender,Veronica,513025
Veronica Light Pink,Veronica,1055143
Veronica Pink,Veronica,513026
Veronica Purple,Veronica,513027
Veronica White,Veronica,513028
Veronica White,Veronica,513028
Viburnum Foliage Lucidum Green,Viburnum Foliage,758195
Wax Flower Pink,Wax Flower,490005
Wax Flower Purple,Wax Flower,490006
Wax Flower White,Wax Flower,490007
Yarrow Assorted,Yarrow,608138
Yarrow Cottage Orange,Yarrow,490055
Yarrow Cottage Red,Yarrow,1307520
Yarrow Cottage White,Yarrow,490058
Yarrow Yellow,Yarrow,966686
Yarrow Yellow,Yarrow,966686
Yarrow Yellow,Yarrow,966686
